2022-23 Social Accounting Matrix for India,Code,amaiz,arice,aocer,apuls,aoils,aroot,avege,asugr,atoba,acott,afrui,acoff,aocrp,acatt,apoul,aoliv,afore,afish,amine,afood,abeve,atext,awood,achem,anmet,ametl,amach,aoman,aelec,awatr,acons,atrad,atran,ahotl,acomm,afsrv,areal,absrv,apadm,aeduc,aheal,aosrv,cmaiz,crice,cocer,cpuls,coils,croot,cvege,csugr,ctoba,ccott,cfrui,ccoff,cocrp,ccatt,cpoul,coliv,cfore,cfish,cmine,cfood,cbeve,ctext,cwood,cchem,cnmet,cmetl,cmach,coman,celec,cwatr,ccons,ctrad,ctran,chotl,ccomm,cfsrv,creal,cbsrv,cpadm,ceduc,cheal,cosrv,trc,flab-n,flab-p,flab-s,flnd,fcap,ent,hhd-r1,hhd-r2,hhd-r3,hhd-r4,hhd-r5,hhd-u1,hhd-u2,hhd-u3,hhd-u4,hhd-u5,gov,atax,dtax,mtax,stax,s-i,dstk,row,total
Activities - Maize,amaiz,,,,,,,,,,,,,,,,,,,,,,,,,,,,,,,,,,,,,,,,,,,168.5008121,,,,,,,,,,,,,,,,,,,,,,,,,,,,,,,,,,,,,,,,,,,,,,,,,162.1843842,242.0070823,170.7747633,94.21536941,39.20671197,,,0.115980498,0.268966423,5.288820773,,,,,,,,,882.562891
Activities - Rice,arice,,,,,,,,,,,,,,,,,,,,,,,,,,,,,,,,,,,,,,,,,,,,2190.649875,,,,,,,,,,,,,,,,,,,,,,,,,,,,,,,,,,,,,,,,,,,,,,,,467.2628468,477.6504935,506.9441078,449.1618338,266.8664624,3.784291816,8.259889418,10.39284711,19.62151367,37.53538433,,,,,,,,,4438.129545
Activities - Other cereals,aocer,,,,,,,,,,,,,,,,,,,,,,,,,,,,,,,,,,,,,,,,,,,,,1122.16541,,,,,,,,,,,,,,,,,,,,,,,,,,,,,,,,,,,,,,,,,,,,,,,391.4825061,474.550396,492.0815741,435.0357504,271.4888646,3.805414676,10.71415888,15.06945853,20.72961564,35.68892191,,,,,,,,,3272.812071
Activities - Pulses,apuls,,,,,,,,,,,,,,,,,,,,,,,,,,,,,,,,,,,,,,,,,,,,,,1525.194148,,,,,,,,,,,,,,,,,,,,,,,,,,,,,,,,,,,,,,,,,,,,,,7.749450631,8.114278574,7.843251581,6.953681893,4.219185065,0.023307088,0.132535103,0.195291778,0.317135303,0.540163602,,,,,,,,,1561.282429
Activities - Oilseeds,aoils,,,,,,,,,,,,,,,,,,,,,,,,,,,,,,,,,,,,,,,,,,,,,,,2667.442663,,,,,,,,,,,,,,,,,,,,,,,,,,,,,,,,,,,,,,,,,,,,,2.240919922,2.68858135,3.828875546,4.956545016,4.161439574,0.019630984,0.064230298,0.028576476,0.15338627,0.786348858,,,,,,,,,2686.371197
Activities - Roots,aroot,,,,,,,,,,,,,,,,,,,,,,,,,,,,,,,,,,,,,,,,,,,,,,,,1054.842955,,,,,,,,,,,,,,,,,,,,,,,,,,,,,,,,,,,,,,,,,,,,5.522670544,5.702463398,6.773466009,5.760530768,5.459868727,0.048616668,0.094958355,0.285575967,0.378628648,1.100362646,,,,,,,,,1085.970097
Activities - Vegetables,avege,,,,,,,,,,,,,,,,,,,,,,,,,,,,,,,,,,,,,,,,,,,,,,,,,3487.117739,,,,,,,,,,,,,,,,,,,,,,,,,,,,,,,,,,,,,,,,,,,22.08350974,26.91831821,29.16188909,27.84890855,20.20863741,0.257260982,0.594266674,0.97850167,1.472798616,2.521191161,,,,,,,,,3619.163022
Activities - Sugarcane,asugr,,,,,,,,,,,,,,,,,,,,,,,,,,,,,,,,,,,,,,,,,,,,,,,,,,1708.943201,,,,,,,,,,,,,,,,,,,,,,,,,,,,,,,,,,,,,,,,,,4.67971E-07,5.70059E-07,6.30993E-07,6.04706E-07,4.30651E-07,4.52208E-09,1.19115E-08,1.86359E-08,2.92147E-08,-4.31578E-08,,,,,,,,,1708.943204
Activities - Tobacco,atoba,,,,,,,,,,,,,,,,,,,,,,,,,,,,,,,,,,,,,,,,,,,,,,,,,,,123.7681137,,,,,,,,,,,,,,,,,,,,,,,,,,,,,,,,,,,,,,,,,0.043039169,0.070593158,0.141255733,0.125387857,0.095405903,0.002034732,,0.000878585,0.001394137,0.003996586,,,,,,,,,124.2520996
Activities - Cotton and fibres,acott,,,,,,,,,,,,,,,,,,,,,,,,,,,,,,,,,,,,,,,,,,,,,,,,,,,,1563.273584,,,,,,,,,,,,,,,,,,,,,,,,,,,,,,,,,,,,,,,,,,,,,,,,,,,,,,,,,,1563.273584
Activities - Fruits and nuts,afrui,,,,,,,,,,,,,,,,,,,,,,,,,,,,,,,,,,,,,,,,,,,,,,,,,,,,,4176.937035,,,,,,,,,,,,,,,,,,,,,,,,,,,,,,,,,,,,,,,15.98386891,28.58888949,35.62015357,45.50598164,41.29318319,0.530326181,1.707824796,3.442830773,5.991811316,14.77287562,,,,,,,,,4370.37478
"Activities - Coffee, tea and cocoa",acoff,,,,,,,,,,,,,,,,,,,,,,,,,,,,,,,,,,,,,,,,,,,,,,,,,,,,,,311.3408689,,,,,,,,,,,,,,,,,,,,,,,,,,,,,,,,,,,,,,0.214058898,0.301156848,0.369250799,0.391039158,0.325195209,0.001891556,0.005052146,0.015158409,0.022122943,0.054920133,,,,,,,,,313.040715
Activities - Other crops,aocrp,,,,,,,,,,,,,,,,,,,,,,,,,,,,,,,,,,,,,,,,,,,,,,,,,,,,,,,4450.596557,,,,,,,,,,,,,,,,,,,,,,,,,,,,,,,,,,,,,2.136318282,3.005561974,3.685083916,3.902437927,3.245318807,0.018877372,0.050419413,0.151277357,0.220781215,0.54808212,,,,,,,,,4467.560715
Activities - Cattle and raw milk,acatt,,,,,,,,,,,,,,,,,,,,,,,,,,,,,,,,,,,,,,,,,,,,,,,,,,,,,,,,3224.569567,,,,,,,,,,,,,,,,,,,,,,,,,,,,,,,,,,,,1073.923244,1677.777803,2035.049941,2188.221448,1607.411187,14.10478606,35.33222801,63.36116025,89.56833116,115.406385,,,,,,,,,12124.72608
Activities - Poultry and eggs,apoul,,,,,,,,,,,,,,,,,,,,,,,,,,,,,,,,,,,,,,,,,,,,,,,,,,,,,,,,,2418.644236,,,,,,,,,,,,,,,,,,,,,,,,,,,,,,,,,,,12.74593618,10.87378361,10.45958593,9.938695428,8.520698209,0.21253987,0.185323815,0.545986467,0.732423722,1.114425956,,,,,,,,,2473.973635
Activities - Other livestock,aoliv,,,,,,,,,,,,,,,,,,,,,,,,,,,,,,,,,,,,,,,,,,,,,,,,,,,,,,,,,,2403.563106,,,,,,,,,,,,,,,,,,,,,,,,,,,,,,,,,,173.9117935,175.9677474,157.6351382,131.7483225,88.0532433,2.812920481,3.842727654,6.755101319,5.182608817,2.69646825,,,,,,,,,3152.169177
Activities - Forestry,afore,,,,,,,,,,,,,,,,,,,,,,,,,,,,,,,,,,,,,,,,,,,,,,,,,,,,,,,,,,,3770.192586,,,,,,,,,,,,,,,,,,,,,,,,,,,,,,,,,71.44908591,79.91458217,81.47936661,73.92858058,39.15436884,1.462479213,2.137730954,3.246686348,3.370241599,3.17567701,,,,,,,,,4129.511385
Activities - Fisheries,afish,,,,,,,,,,,,,,,,,,,,,,,,,,,,,,,,,,,,,,,,,,,,,,,,,,,,,,,,,,,,2160.446777,,,,,,,,,,,,,,,,,,,,,,,,,,,,,,,,213.8600804,340.4519694,386.9963926,385.373557,195.7434435,0.784686795,10.62602048,5.832462255,35.07669739,16.44701755,,,,,,,,,3751.639104
Activities - Mining,amine,,,,,,,,,,,,,,,,,,,,,,,,,,,,,,,,,,,,,,,,,,,,,,,,,,,,,,,,,,,,,8103.887299,,,,,,,,,,,,,,,,,,,,,,,,,,,,,,,0.228202607,0.298119026,0.350800764,0.356234016,0.224886439,,0.056629964,0.003757187,,0.015599732,,,,,,,,,8105.421528
Activities - Processed foods,afood,,,,,,,,,,,,,,,,,,,,,,,,,,,,,,,,,,,,,,,,,,,,,,,,,,,,,,,,,,,,,,18788.86216,,,,,,,,,,,,,,,,,,,,,,,,,,,,,,8.560284324,10.77621609,11.63742435,10.62750906,8.933482201,0.125750967,0.255452523,0.434722025,0.757385803,1.489017813,,,,,,,,,18842.45941
Activities - Beverage and tobacco,abeve,,,,,,,,,,,,,,,,,,,,,,,,,,,,,,,,,,,,,,,,,,,,,,,,,,,,,,,,,,,,,,,1270.114815,,,,,,,,,,,,,,,,,,,,,,,,,,,,,0.46457845,1.61250595,0.222615244,1.879591443,0.102103394,,0.00370445,0.003912394,,0.00267984,,,,,,,,,1274.406506
"Activities - Textiles, clothing and footwear",atext,,,,,,,,,,,,,,,,,,,,,,,,,,,,,,,,,,,,,,,,,,,,,,,,,,,,,,,,,,,,,,,,14608.08862,,,,,,,,,,,,,,,,,,,,,,,,,,,,0.343813503,0.629423377,0.989954408,0.845226457,0.295267887,0.004717589,0.010351196,0.019070967,0.037187163,0.033864713,,,,,,,,,14611.2975
Activities - Wood and paper products,awood,,,,,,,,,,,,,,,,,,,,,,,,,,,,,,,,,,,,,,,,,,,,,,,,,,,,,,,,,,,,,,,,,4219.735138,,,,,,,,,,,,,,,,,,,,,,,,,,,,,,,,,,,,,,,,,,,,,4219.735138
Activities - Chemicals and petroleum,achem,,,,,,,,,,,,,,,,,,,,,,,,,,,,,,,,,,,,,,,,,,,,,,,,,,,,,,,,,,,,,,,,,,42972.80163,,,,,,,,,,,,,,,,,,,,,,,,,,0.367643456,0.628538746,0.765567304,0.572804038,0.387053184,0.002792789,0.014224172,0.024518949,0.056878902,0.05952819,,,,,,,,,42975.68118
Activities - Non-metal minerals,anmet,,,,,,,,,,,,,,,,,,,,,,,,,,,,,,,,,,,,,,,,,,,,,,,,,,,,,,,,,,,,,,,,,,,6178.151984,,,,,,,,,,,,,,,,,,,,,,,,,,,,,,,,,,,,,,,,,,,6178.151984
Activities - Metals and metal products,ametl,,,,,,,,,,,,,,,,,,,,,,,,,,,,,,,,,,,,,,,,,,,,,,,,,,,,,,,,,,,,,,,,,,,,32540.69817,,,,,,,,,,,,,,,,,,,,,,,,,,,,,,,,,,,,,,,,,,32540.69817
"Activities - Machinery, equipment and vehicles",amach,,,,,,,,,,,,,,,,,,,,,,,,,,,,,,,,,,,,,,,,,,,,,,,,,,,,,,,,,,,,,,,,,,,,,29036.61791,,,,,,,,,,,,,,,,,,,,,,,,,,,,,,,,,,,,,,,,,29036.61791
Activities - Other manufacturing,aoman,,,,,,,,,,,,,,,,,,,,,,,,,,,,,,,,,,,,,,,,,,,,,,,,,,,,,,,,,,,,,,,,,,,,,,10375.21058,,,,,,,,,,,,,,,,,,,,,,,,,,,,,,,,,,,,,,,,10375.21058
"Activities - Electricity, gas and steam",aelec,,,,,,,,,,,,,,,,,,,,,,,,,,,,,,,,,,,,,,,,,,,,,,,,,,,,,,,,,,,,,,,,,,,,,,,11413.24922,,,,,,,,,,,,,,,,,,,,,0.637989834,0.707083867,0.712089051,0.714488434,0.657572895,0.026344928,0.07472998,0.162049024,0.866806821,1.74227936,,,,,,,,,11419.55065
Activities - Water supply and sewage,awatr,,,,,,,,,,,,,,,,,,,,,,,,,,,,,,,,,,,,,,,,,,,,,,,,,,,,,,,,,,,,,,,,,,,,,,,,3423.658092,,,,,,,,,,,,,,,,,,,,,,,,,,,,,,,,,,,,,,3423.658092
Activities - Construction,acons,,,,,,,,,,,,,,,,,,,,,,,,,,,,,,,,,,,,,,,,,,,,,,,,,,,,,,,,,,,,,,,,,,,,,,,,,59496.50139,,,,,,,,,,,,,,,,,,,,,,,,,,,,,,,,,,,,,59496.50139
Activities - Wholesale and retail trade,atrad,,,,,,,,,,,,,,,,,,,,,,,,,,,,,,,,,,,,,,,,,,,,,,,,,,,,,,,,,,,,,,,,,,,,,,,,,,34812.95609,,,,,,,,,,,,,,,,,,,,,,,,,,,,,,,,,,,,34812.95609
Activities - Transportation and storage,atran,,,,,,,,,,,,,,,,,,,,,,,,,,,,,,,,,,,,,,,,,,,,,,,,,,,,,,,,,,,,,,,,,,,,,,,,,,,24843.13609,,,,,,,,,,,,,,,,,,,,,,,,,,,,,,,,,,,24843.13609
Activities - Accommodation and food services,ahotl,,,,,,,,,,,,,,,,,,,,,,,,,,,,,,,,,,,,,,,,,,,,,,,,,,,,,,,,,,,,,,,,,,,,,,,,,,,,7285.957376,,,,,,,,,,,,,,,,,,,,,,,,,,,,,,,,,,7285.957376
Activities - Information and communication,acomm,,,,,,,,,,,,,,,,,,,,,,,,,,,,,,,,,,,,,,,,,,,,,,,,,,,,,,,,,,,,,,,,,,,,,,,,,,,,,10367.61462,,,,,,,,,,,,,,,,,,,,,,,,,,,,,,,,,10367.61462
Activities - Finance and insurance,afsrv,,,,,,,,,,,,,,,,,,,,,,,,,,,,,,,,,,,,,,,,,,,,,,,,,,,,,,,,,,,,,,,,,,,,,,,,,,,,,,20167.66381,,,,,,,,,,,,,,,,,,,,,,,,,,,,,,,,20167.66381
Activities - Real estate activities,areal,,,,,,,,,,,,,,,,,,,,,,,,,,,,,,,,,,,,,,,,,,,,,,,,,,,,,,,,,,,,,,,,,,,,,,,,,,,,,,,18209.69052,,,,,,,,,,,,,,,,,,,,,,,,,,,,,,,18209.69052
Activities - Business services,absrv,,,,,,,,,,,,,,,,,,,,,,,,,,,,,,,,,,,,,,,,,,,,,,,,,,,,,,,,,,,,,,,,,,,,,,,,,,,,,,,,36127.10211,,,,,,,,,,,,,,,,,,,,,,,,,,,,,,36127.10211
Activities - Public administration,apadm,,,,,,,,,,,,,,,,,,,,,,,,,,,,,,,,,,,,,,,,,,,,,,,,,,,,,,,,,,,,,,,,,,,,,,,,,,,,,,,,,19246.38396,,,,,,,,,,,,,,,,,,,,,,,,,,,,,19246.38396
Activities - Education,aeduc,,,,,,,,,,,,,,,,,,,,,,,,,,,,,,,,,,,,,,,,,,,,,,,,,,,,,,,,,,,,,,,,,,,,,,,,,,,,,,,,,,13685.8835,,,,,,,,,,,,,,,,,,,,,,,,,,,,13685.8835
Activities - Health and social work,aheal,,,,,,,,,,,,,,,,,,,,,,,,,,,,,,,,,,,,,,,,,,,,,,,,,,,,,,,,,,,,,,,,,,,,,,,,,,,,,,,,,,,6807.839919,,,,,,,,,,,,,,,,,,,,,,,,,,,6807.839919
Activities - Other services,aosrv,,,,,,,,,,,,,,,,,,,,,,,,,,,,,,,,,,,,,,,,,,,,,,,,,,,,,,,,,,,,,,,,,,,,,,,,,,,,,,,,,,,,5642.588889,,,,,,,,,,,,,,,,,,,,,,,,,,5642.588889
Commodities - Maize,cmaiz,28.17452839,,,,,,,,,,,,,12.86897063,2.734209926,3.973523008,,0.821026981,,315.551505,,,,0.400937497,,,,,,,,,,,,,,,4.725488173,,,,,,,,,,,,,,,,,,,,,,,,,,,,,,,,,,,,,,,,,,,,,,,,,,,,,,,,,,,,,,,,,,,,,2.155894014,13.47507353,384.8811572
Commodities - Rice,crice,,208.1017225,,,,,,,,,,,,,,,,,,1477.695938,1.385262278,1.551184778,,0.625963084,,,,,,,,,,110.9778367,,,,,361.9188249,,,,,,,,,,,,,,,,,,,,,,,,,,,,,,,,,,,,,,,,,,,,,,,,,,,,,,,,,,,,,,,,,,,,,42.36070502,658.0063777,2862.623815
Commodities - Other cereals,cocer,,,140.596447,,,,,,,,,,,22.41238944,1.918435237,6.934210079,,0.576224047,,904.2026701,0.494172415,,,0.993816491,,,,,,,,,,203.9137332,,,,,382.4233098,,,,,,,,,,,,,,,,,,,,,,,,,,,,,,,,,,,,,,,,,,,,,,,,,,,,,,,,,,,,,,,,,,,,,37.20947674,12.94980319,1714.624688
Commodities - Pulses,cpuls,,,,86.46945555,,,,,,,,,,81.55796063,,25.07264118,,,,473.0446442,,,,,,,,,,,,,181.0414662,,,,,,14.62020061,,,,,,,,,,,,,,,,,,,,,,,,,,,,,,,,,,,,,,,,,,,,,,,,,,,,,107.0495947,126.7798445,134.4696732,142.1957612,96.62708834,11.01259937,22.16803241,39.33703264,71.18400891,154.5412291,,,,,,,9.389408042,0.043916497,1776.604557
Commodities - Oilseeds,coils,,,,,249.814528,,,,,,,,,,,,,,,1970.889058,,1.939905228,,21.81121402,,,0.160959149,,,,,,,,,,,,,,,,,,,,,,,,,,,,,,,,,,,,,,,,,,,,,,,,,,,,,,,,,,,,,,,,,71.52531643,104.7523974,133.4956875,154.3076244,113.5695157,7.340048347,18.25768581,35.80466378,74.79654357,181.6386939,,,,,,,4.561877352,117.3896145,3262.055333
Commodities - Roots,croot,,,,,,53.96071208,,,,,,,,,,,,,,17.1498247,,,0.197485332,1.374236738,,,,0.226822177,,,,,,89.60075594,,,,,15.88006644,,,0.100514514,,,,,,,,,,,,,,,,,,,,,,,,,,,,,,,,,,,,,,,,,,,,,,,,,,164.2518366,186.2304324,181.6214538,172.676985,113.2743072,15.56984732,29.37435734,48.78739011,81.12907199,161.5018201,,,,,,,3.919520088,33.1412651,1369.968705
Commodities - Vegetables,cvege,,,,,,,159.4855098,,,,,,,197.1043828,,61.20719014,,,,53.7957558,0.119151427,,0.555808528,4.318518954,,,,0.760105927,,,,,,241.692032,,,,,42.83447948,,,0.282884205,,,,,,,,,,,,,,,,,,,,,,,,,,,,,,,,,,,,,,,,,,,,,,,,,,403.6011774,491.7606729,535.5134282,575.4542173,393.3981395,41.84187862,86.05809068,159.0023414,297.3177505,675.1499849,,,,,,,15.8993393,105.4178281,4542.570668
Commodities - Sugarcane,csugr,,,,,,,,48.23895854,,,,,,,,,,,,1547.356526,0.78613022,,,0.162752323,,,,,,,,,,,,,,,,,,,,,,,,,,,,,,,,,,,,,,,,,,,,,,,,,,,,,,,,,,,,,,,,,,,,63.8063844,71.20213342,96.35178744,132.8156354,98.03996455,6.450702292,12.47845521,26.61934511,54.8146757,111.4127372,,,,,,,2.534756452,0.908520836,2273.979465
Commodities - Tobacco,ctoba,,,,,,,,,5.783558809,,,,,,,,,,,,,15.15594215,,,,,,,,,,,,,,,,,,,,,,,,,,,,,,,,,,,,,,,,,,,,,,,,,,,,,,,,,,,,,,,,,,,,,,28.44215578,28.78556834,27.34021544,23.52602459,11.23758363,1.377797347,2.74621015,3.759003814,5.95952743,7.501587176,,,,,,,,,161.6151747
Commodities - Cotton and fibres,ccott,,,,,,,,,,75.86047404,,,,,,,,,,1.179780228,,1797.773482,,4.720884703,,,,,,,,,,,,,,,,,,,,,,,,,,,,,,,,,,,,,,,,,,,,,,,,,,,,,,,,,,,,,,,,,,,,,,,,,,,,,,,,,,,,2.853949934,2.310382306,1884.698953
Commodities - Fruits and nuts,cfrui,,,,,,,,,,,88.00648842,,,,,,,,,240.0971977,4.479196463,6.294825618,1.864445346,13.66490091,0.185947771,1.247834259,0.047048702,0.97169714,15.88444297,,,,,30.70703824,,,,,43.75045512,,,0.438137083,,,,,,,,,,,,,,,,,,,,,,,,,,,,,,,,,,,,,,,,,,,,,,,,,,352.1396562,567.6424872,703.5181197,852.8877862,701.7580391,38.70148583,95.56833584,205.4657453,451.605694,1401.996865,,,,,,,10.11605029,147.5454597,5976.58538
"Commodities - Coffee, tea and cocoa",ccoff,,,,,,,,,,,,9.732229586,,,,,,,,326.3204227,0.018443459,,0.063054327,0.295395281,,,,,0.584005798,,,,,,,,,,0.878544687,,,0.092012239,,,,,,,,,,,,,,,,,,,,,,,,,,,,,,,,,,,,,,,,,,,,,,,,,,,,,,,,,,,,,,,,,,1.349735943,72.11351111,411.4473551
Commodities - Other crops,cocrp,,,,,,,,,,,,,346.6991333,913.2708177,190.1148803,275.5376576,,,,531.9346639,1.717884804,6.464136702,14.80147673,76.44187684,1.458275694,10.21946797,2.217364327,160.9111052,123.9496019,,,,,,,,,,194.8489814,,,3.436260941,,,,,,,,,,,,,,,,,,,,,,,,,,,,,,,,,,,,,,,,,,,,,,,,,,250.9264885,309.3720034,350.4852594,394.7015602,285.8368252,24.7676867,52.36525731,100.7817847,196.958495,485.7088759,,,,,,,146.7515474,177.3384954,5630.017864
Commodities - Cattle and raw milk,ccatt,,,,,,,,,,,,,,96.08643855,,30.75997763,,,,1639.084478,0.042514284,,,0.277119955,,,,,,,,,,2105.339945,,,,,498.7441904,,,,,,,,,,,,,,,,,,,,,,,,,,,,,,,,,,,,,,,,,,,,,,,,,,,,,,,,,,,,,,,,,,,,,42.28238404,,4412.617048
Commodities - Poultry and eggs,cpoul,,,,,,,,,,,,,,,151.8209972,,,123.4913164,,35.40093969,,,,0.836163541,,,,,,,,,,66.97384776,,,,,464.1433015,,,,,,,,,,,,,,,,,,,,,,,,,,,,,,,,,,,,,,,,,,,,,,,,,,,,,227.5976218,293.8159364,303.9747418,327.7915631,219.8888175,23.18893935,50.55899539,89.07325464,164.1314374,349.5967922,,,,,,,36.70997888,8.881954518,2937.876599
Commodities - Other livestock,coliv,,,,,,,,,,,,,,6.024224463,0.558480924,0.847776749,,0.721049746,,185.204952,,144.5534026,,0.192957824,,,,1.880775984,,,,,,183.4378925,,,,,67.53168496,,,,,,,,,,,,,,,,,,,,,,,,,,,,,,,,,,,,,,,,,,,,,,,,,,,,,406.9934628,439.9904297,403.1930998,386.4111291,221.7834593,29.38962997,55.23249301,85.67342799,145.2371203,293.0326941,,,,,,79.72178026,7.455319565,127.1084912,3272.175735
Commodities - Forestry,cfore,,,,,,,,,,,,,,608.5343989,131.3347504,190.3292073,52.28866421,,,31.34223484,0.127150248,120.6834064,918.2099077,497.0000306,13.7505625,4.411363413,13.52435822,228.1185337,14.99300317,,842.363264,,167.9761632,,,,,,0.355160044,,,,,,,,,,,,,,,,,,,,,,,,,,,,,,,,,,,,,,,,,,,,,,,,,,,,,224.6723147,204.1501027,167.277995,133.5553565,57.38313108,11.3802787,14.19951121,13.78000394,13.67414099,9.997972777,,,,,,,29.63726622,7.789206525,4722.839439
Commodities - Fisheries,cfish,,,,,,,,,,,,,,,,,,146.3113347,,501.4380567,,,,8.146990883,,,,0.229113658,,,,,0.51226493,16.31955708,,,,,,,,,,,,,,,,,,,,,,,,,,,,,,,,,,,,,,,,,,,,,,,,,,,,,,,,,,240.3003321,333.7749161,374.6213388,412.2167508,319.3246022,24.3655478,56.42905162,98.85827373,192.6564347,463.6834731,,,,,,,1.186879106,1.53163932,3191.906557
Commodities - Mining,cmine,,,,,,,,,,,,,,,,,,,1.332464089,95.39432792,6.433599609,80.40944776,74.7252399,13361.80555,1730.502558,4783.861618,312.9154039,349.9757689,1043.388033,,240.3017888,,24.20583983,,,,,,,,,,,,,,,,,,,,,,,,,,,,,,,,,,,,,,,,,,,,,,,,,,,,,,,,,,,6.982194421,5.715353196,5.613177885,4.827416556,2.304484609,4.563692696,4.152897172,4.307461933,2.891344908,2.221637971,,,,,,,250.9898922,559.9645968,22959.78579
Commodities - Processed foods,cfood,,,,,,,,,,,,,,458.1728487,32.40725659,57.91252634,,8.443853943,,4207.186,242.0303524,19.99049822,6.093374628,424.6007552,2.792521262,1.536127845,1.085661375,2.820185528,,,,11.24188346,,140.0916825,,,,8.800241277,753.8804031,,,,,,,,,,,,,,,,,,,,,,,,,,,,,,,,,,,,,,,,,,,,,,,,,,,,,1686.057495,2181.208159,2345.492325,2488.547201,1775.931223,180.356987,385.99548,725.8460789,1383.292869,3318.942408,,,,,,,93.6758434,1842.451281,24786.88352
Commodities - Beverage and tobacco,cbeve,,,,,,,,,,,,,,,,,,,,2.267738689,99.15758486,,,16.64543075,0.07563691,,,,,,,,,7.565038355,,,,,48.33438289,,,,,,,,,,,,,,,,,,,,,,,,,,,,,,,,,,,,,,,,,,,,,,,,,,,,,91.46305947,127.0654157,178.429101,263.8093015,262.4297929,7.620769076,19.30358929,42.36548417,106.1614222,410.2181927,,,,,,,4.530953584,33.60863033,1721.051524
"Commodities - Textiles, clothing and footwear",ctext,,,,,,,,,,,,,,,,,20.31032532,0.856755398,7.445952248,70.06620799,4.720759717,4944.519775,11.21473968,166.8273438,2.52174191,4.329692108,69.23012186,143.6091555,112.0296654,3.646657186,,27.36622276,105.3994923,0.100236625,13.87735663,3.492566425,8.818716729,29.10994519,16.20917621,5.504001516,0.986105101,54.56178593,,,,,,,,,,,,,,,,,,,,,,,,,,,,,,,,,,,,,,,,,,,,,,,,,,900.1651837,1198.851525,1392.505836,1585.529625,1305.906534,82.53355715,187.0050035,358.1632964,710.380695,1978.002193,,,,,,,28.63867825,3389.092594,18943.52922
Commodities - Wood and paper products,cwood,,,,,,,,,,,,,,77.96884232,16.94649793,24.60459506,49.65710642,2.918879286,39.31064838,71.70878118,17.00601351,50.85478285,766.0368641,266.8763989,75.44340314,19.55917816,59.31433579,406.2698683,128.3737946,8.977417875,215.9931246,901.9883303,169.9487677,,874.3314709,334.2283686,68.18008542,241.818194,4.923498464,444.0138181,15.54450222,29.46981829,,,,,,,,,,,,,,,,,,,,,,,,,,,,,,,,,,,,,,,,,,,,,,,,,,129.3668669,144.0191087,146.7671816,151.7934111,109.6131297,10.28524227,20.98815073,37.80708925,73.51841851,209.7301672,,,,,,,247.3699135,300.0494926,6963.575558
Commodities - Chemicals and petroleum,cchem,40.24388015,188.2945453,136.4912493,60.71701879,81.75710486,37.46011813,167.5962611,88.83466922,5.204419866,69.10252656,226.1409354,13.88632514,81.64855271,184.5240353,39.38533395,57.19166551,83.56163032,26.72606956,313.4472853,463.4074774,150.4522365,1736.963295,407.6615946,12565.89621,711.9605934,5371.288598,1495.891146,1834.60961,2079.406593,914.324012,3565.995366,2666.259192,2739.857253,87.43670752,174.7816172,,472.1877759,1032.271428,62.15354945,76.08546434,687.8699766,213.3232525,,,,,,,,,,,,,,,,,,,,,,,,,,,,,,,,,,,,,,,,,,,,,,,,,,765.5057477,1143.536797,1498.169566,1948.006353,1910.331732,82.18863361,205.8451162,444.6694356,973.1022106,3275.581074,,,,,,0.108804488,774.609721,13641.72169,68075.67345
Commodities - Non-metal minerals,cnmet,,,,,,,,,,,,,,,,,,,,33.17820356,105.140648,2.387280002,1.494374704,131.2616326,659.2074742,24.74467066,152.7851699,41.89581522,216.5921594,,6124.813472,,,0.159767578,,,,,,,,,,,,,,,,,,,,,,,,,,,,,,,,,,,,,,,,,,,,,,,,,,,,,,,,,,11.41594841,18.8378809,25.93063017,35.01233478,39.35340599,1.117673764,3.036111999,6.762446053,15.43015789,59.21197956,,,,,,,110.0923347,489.592162,8309.453734
Commodities - Metals and metal products,cmetl,,,,,,,,,,,,,,,,,109.878439,6.545623865,153.509335,94.20267436,52.84717665,25.12248247,41.43554497,375.3232981,123.8910945,12754.21453,5574.975072,1086.493634,881.5205002,656.9458145,14376.22865,499.8580283,6.34670609,0.106602811,109.2773696,,1.173119143,71.36145766,10.66413486,43.16900113,0.169644989,50.46230349,,,,,,,,,,,,,,,,,,,,,,,,,,,,,,,,,,,,,,,,,,,,,,,,,,22.38164231,28.50533553,32.85942234,38.80816353,33.3545537,1.795969106,3.991574388,7.88449565,16.21436111,49.22469356,,,,,,467.3304457,220.458906,3875.556857,41904.08865
"Commodities - Machinery, equipment and vehicles",cmach,23.85080591,110.8785746,80.6326985,35.99968587,48.48579957,22.20856975,98.95794455,52.52153854,3.087055169,40.96114047,133.477672,8.241980563,48.33507749,12.77850358,2.71829351,3.950244965,75.35330689,78.60326208,72.63206145,13.13087805,,5.513359964,3.58732558,9.344190974,12.16193492,465.818141,11283.40753,102.4267281,313.4830358,5.963626321,1337.795537,2005.2841,490.7509116,2.271386646,46.87276213,103.9309341,54.05725701,331.6676869,273.3860968,17.76824341,,50.65734896,,,,,,,,,,,,,,,,,,,,,,,,,,,,,,,,,,,,,,,,,,,,,,,,,,181.7554833,297.8099493,444.9311878,672.3461613,1230.745438,16.515864,47.36583851,108.8185453,269.4064097,1986.483248,,,,,,30404.69244,207.1089444,7584.813408,61335.74615
Commodities - Other manufacturing,coman,,,,,,,,,,,,,,,,,148.5908809,,199.914292,165.7618222,8.44926652,396.9025373,176.9903249,361.2710802,87.16111389,641.3523574,409.297908,2698.187599,75.72869976,4.71550522,2918.014746,78.48667306,120.9239373,52.62583645,27.41912718,189.834657,52.78113974,136.6616588,37.23959176,22.83851415,0.086351588,28.87835708,,,,,,,,,,,,,,,,,,,,,,,,,,,,,,,,,,,,,,,,,,,,,,,,,,187.8863655,305.8374528,422.774187,592.471171,842.6585922,15.5080168,40.08756243,91.97295442,229.0076651,1178.161242,,,,,,3426.818146,139.4154885,3446.015943,19958.72876
"Commodities - Electricity, gas and steam",celec,7.686346361,35.68219508,25.94651432,11.59557932,15.63455819,7.154158774,31.81910633,16.90789999,0.993822545,13.2270063,42.98442761,2.657179015,15.56573266,,,,1.732314502,11.9621178,213.856165,342.6775759,30.04233509,282.34798,126.45503,1087.831228,287.5644428,1006.96631,274.6416943,262.8518452,,,2288.660714,111.5746846,550.0181472,52.17030691,24.85496861,619.488154,,9.472657519,86.49782004,80.69598792,109.0580515,81.01433256,,,,,,,,,,,,,,,,,,,,,,,,,,,,,,,,,,,,,,,,,,,,,,,,,,179.1331987,251.9438779,308.0649326,368.5692207,290.1562512,33.88775853,78.44631255,152.1737501,294.0061174,746.4983834,,,,,,,,,10873.16919
Commodities - Water supply and sewage,cwatr,3.992237276,18.62773155,13.50130575,6.017362342,8.119452606,3.713200357,16.55406203,8.794415996,0.515270267,6.881127345,22.40158649,1.378600666,8.088587065,,,,1.046697546,0.087826975,82.8624736,1.81932291,4.845691069,0.105929261,,83.04840695,0.476525711,,,,16.9428026,31.36725774,973.0426145,0.542130111,311.8674063,3.605071971,15.75581497,270.7355149,,0.523177392,238.7229855,19.96747865,15.74736069,0.052012867,,,,,,,,,,,,,,,,,,,,,,,,,,,,,,,,,,,,,,,,,,,,,,,,,,24.41061728,41.26145386,57.6066676,80.49792721,71.99067304,5.91715603,15.50196007,33.22460859,73.93506947,261.9475419,556.53732,,,,,,,,3414.580437
Commodities - Construction,ccons,,,,,,,,,,,,,,1.971473142,0.419350375,0.609429406,16.62376803,31.29896226,680.1229159,164.8722201,32.07988196,336.559704,105.9397747,1127.696718,158.7564162,350.6721076,646.8152366,375.3124083,262.1516256,581.6657356,,296.1270876,1881.372087,213.6648933,374.1645942,167.0528183,535.0336803,2600.650306,200.3087333,48.12111563,348.3123795,70.9532682,,,,,,,,,,,,,,,,,,,,,,,,,,,,,,,,,,,,,,,,,,,,,,,,,,27.11387981,46.53809067,78.32334254,137.9078168,170.5303874,34.65303872,77.0816332,152.1169748,311.9095699,979.6975924,1011.169629,,,,,47136.70794,295.9147664,469.6420268,62538.63538
Commodities - Wholesale and retail trade,ctrad,7.179014182,33.35368233,24.24109941,10.82878202,14.60226367,6.681242033,29.72699947,15.79551885,0.927977947,12.35689231,40.16856072,2.481363597,14.53946932,87.49811575,18.64716093,27.08897237,1.902907133,5.747512474,8.05411557,37.83677331,14.46025259,35.44658452,14.20936382,340.9593967,21.64316284,32.22470099,115.9338992,30.33082198,18.95579235,35.01750378,,9.57856532,78.80931078,69.56965562,43.35776846,2.846310343,2.741735932,29.67678466,,14.84302146,2.097287675,16.09188087,,,,,,,,,,,,,,,,,,,,,,,,,,,,,,,,,,,,,,,,,,,34325.66008,,,,,,,29.0150947,51.33617397,69.50477937,98.75679305,173.4252631,2.528175582,5.959730669,14.27183009,30.9573858,138.7426065,,,,,,,,19.93672286,36288.54686
Commodities - Transportation and storage,ctran,,,,,,,,,,,,,,,,,33.40429246,23.80442687,126.4185497,70.47428106,4.5118717,8.977391896,,,,,,,56.97604323,61.34429176,,370.7378791,1319.493896,159.3386898,199.6002501,578.5541085,6.880367348,1079.276074,269.0724621,92.33347749,69.8501367,21.5075227,,,,,,,,,,,,,,,,,,,,,,,,,,,,,,,,,,,,,,,,,,,14889.60183,,,,,,,407.3953355,589.3188686,775.8413,1062.153507,1197.32952,40.571093,104.92415,220.985452,497.1012941,2004.644705,,,,,,,,646.558423,26988.98149
Commodities - Accommodation and food services,chotl,,,,,,,,,,,,,,,,,,,,,,,,,,,,,5.962631001,,,,344.5100115,,309.2362701,856.0710451,14.7040345,258.3198291,110.9620674,33.54691874,52.29505178,176.5641047,,,,,,,,,,,,,,,,,,,,,,,,,,,,,,,,,,,,,,,,,,,,,,,,,,119.7690541,270.8011064,322.3597159,398.0817499,502.6451486,10.81125541,38.57315792,89.44877969,127.0038081,892.8844619,,,,,,,,2607.077345,7541.627547
Commodities - Information and communication,ccomm,,,,,,,,,,,,,,,,,3.673409342,,1.79448801,,,,,,,,,,42.45168041,3.355478698,,57.33774108,2206.410724,310.5208901,241.828048,783.9151498,,1430.705905,72.39235469,273.2970678,531.7816976,267.2197064,,,,,,,,,,,,,,,,,,,,,,,,,,,,,,,,,,,,,,,,,,,,,,,,,,341.1816996,463.0086069,560.704863,668.6531403,525.2973768,43.64006233,101.1404956,207.1754884,427.4161042,1168.110746,,,,,,,,452.8205694,11185.83349
Commodities - Finance and insurance,cfsrv,41.35113296,192.2960161,140.1489139,62.52638163,83.94751914,38.55942522,172.3387669,91.21708388,5.371609966,70.59211623,231.3432521,14.28525569,83.92224797,12.56971538,2.673819528,3.885620787,,6.562955618,178.3477535,161.7656796,59.1207835,261.08944,217.4450622,2856.393596,195.9221755,388.9753464,907.1365673,386.1459199,422.9402417,75.26205676,737.4432418,705.462079,1335.479103,112.6109833,572.3342607,191.9927813,213.9591059,1634.350086,,300.4728973,93.24832265,174.2706405,,,,,,,,,,,,,,,,,,,,,,,,,,,,,,,,,,,,,,,,,,,,,,,,,,95.42779728,163.8269539,275.786898,485.5574257,600.2652037,121.9206142,271.1986457,535.1878093,1097.37841,3446.192134,,,,,,,,1016.627788,21545.12964
Commodities - Real estate activities,creal,,,,,,,,,,,,,,,,,,0.416017787,4.640531702,0.811233116,,19.21132684,,,,38.42514096,,,9.522705715,4.226312617,,150.012335,159.5452867,129.4808537,223.943633,,21.41068499,488.847653,,39.07427672,70.22150259,78.55072453,,,,,,,,,,,,,,,,,,,,,,,,,,,,,,,,,,,,,,,,,,,,,,,,,,211.2565119,367.6290956,618.7228001,1095.809941,1423.448777,264.8557017,596.4601867,1197.591601,2530.884356,8652.207461,,,,,,,,,18397.20665
Commodities - Business services,cbsrv,,,,,,,,,,,,,,,,,,11.93568573,941.2785816,18.39249904,1.334399601,23.67697616,2.01346012,134.7860028,26.89406371,535.0760597,30.23871981,23.95819788,420.3288406,91.96609963,4081.881845,707.0695658,1270.165192,445.3870874,2245.316694,892.5372143,396.8811569,1574.844485,53.25670036,1004.593598,260.9006434,309.9292055,,,,,,,,,,,,,,,,,,,,,,,,,,,,,,,,,,,,,,,,,,,,,,,,,,83.1119515,166.3468587,236.7847959,400.5060448,641.5607554,58.96561948,133.7595046,265.94847,547.678039,1913.555257,,,,,,8184.803518,,18188.36139,46326.02518
Commodities - Public administration,cpadm,,,,,,,,,,,,,,,,,,,,,,,,,,,,,,,,,,,,,,,,,,,,,,,,,,,,,,,,,,,,,,,,,,,,,,,,,,,,,,,,,,,,,,,,,,,,,,,,,,,,,,19307.02305,,,,,,,84.11513865,19391.13819
Commodities - Education,ceduc,,,,,,,,,,,,,,,,,,,0.104309662,,,10.98258781,,,,,35.56091591,,1.621001998,,,17.20113999,0.505091452,0.229334376,171.0648879,718.8182568,,314.4958997,,28.23473738,41.97064427,51.79865541,,,,,,,,,,,,,,,,,,,,,,,,,,,,,,,,,,,,,,,,,,,,,,,,,,239.0109783,402.8104951,554.7454961,839.7378106,1171.69836,33.04865034,99.83090043,242.4298512,633.6575958,3126.392063,6116.175595,,,,,,,23.69249522,14875.81775
Commodities - Health and social work,cheal,,,,,,,,,,,,,,,,,,,,,,11.97363537,,137.8570397,,27.95512486,137.4739192,4.647349978,31.27200265,,,,83.9946739,,73.99941011,30.01951233,,,,,,,,,,,,,,,,,,,,,,,,,,,,,,,,,,,,,,,,,,,,,,,,,,,,,,,,129.2636072,263.4761659,432.9217164,745.8706591,1400.519332,14.81402031,43.38722684,109.9862568,265.7940948,1407.755183,1745.308631,,,,,,,21.57435766,7119.863919
Commodities - Other services,cosrv,12.95772304,59.83185363,43.66278777,19.56802926,26.35832471,12.07048346,53.56185414,28.46368346,1.678859858,22.25265427,72.20405523,4.484591595,26.23000944,1.299656521,0.276493966,0.401819439,32.65143535,71.68856537,134.0343949,1.851781178,0.366329386,3.908900341,0.627773075,2.719450599,1.806883212,2.812837128,14.08086341,3.825938953,7.450450672,19.7066823,10.86913385,36.15224013,101.187905,56.48561884,258.8941116,12.2136727,0.781245743,431.3562846,,50.35910945,120.0355361,51.5287709,,,,,,,,,,,,,,,,,,,,,,,,,,,,,,,,,,,,,,,,,,,,,,,,,,300.2497646,441.7691102,569.6393098,711.8718378,715.3469498,26.49118398,68.61410896,149.1828165,334.6397769,1889.243269,100.0123107,,,,,134.4151332,,1154.920793,8409.09516
Transaction costs,trc,,,,,,,,,,,,,,,,,,,,,,,,,,,,,,,,,,,,,,,,,,,210.367054,723.7350349,620.1016249,271.518842,486.6387791,308.9176507,1030.229938,534.4313165,35.82947109,235.2543394,1311.640134,88.07220381,1051.936415,1188.16066,519.389144,751.0511235,764.1047056,946.0415361,2588.030889,3111.819017,214.4268886,2847.937777,1167.540831,10376.21636,1188.803896,4730.404166,9355.97316,2556.688951,,,,,,,,,,,,,,,,,,,,,,,,,,,,,,,,,,,,,,,,49215.26191
Factors - Labor - Low (not finished primary schooling),flab-n,63.23858,294.2742954,211.8305195,117.8022986,186.6498149,67.6389604,211.267045,78.5016702,9.306829955,116.2596768,187.1773835,29.0917061,220.7744181,285.2182076,26.9452941,68.01079192,41.68643185,133.3486864,249.4824783,96.06082878,7.640096102,149.7180071,41.48695758,104.377864,157.9659578,127.9167018,43.59360991,53.58936045,53.4140387,61.86270493,4791.098309,342.3699317,260.7611508,85.02309015,2.582161791,14.3856228,42.5133867,149.1155257,366.5196262,69.35548391,31.36076614,167.9783088,,,,,,,,,,,,,,,,,,,,,,,,,,,,,,,,,,,,,,,,,,,,,,,,,,,,,,,,,,,,,,,,,,,60.9323166,9880.126896
"Factors - Labor - Medium (finished primary, but not finished secondary schooling)",flab-p,48.49871725,264.1640301,175.934191,73.8795969,159.5301148,71.35327824,219.4699395,95.78961636,7.194859915,86.62559678,243.3757264,17.66342278,178.3999348,128.9397175,50.69531931,46.82945488,69.47950333,127.5424833,416.5109214,196.3524576,21.88859351,431.1769055,120.9658138,480.1064931,181.3279289,450.6549773,323.1333597,274.4034148,246.8551606,110.0663314,5884.924495,1149.686546,1019.077439,252.402705,38.76671533,231.1623752,680.5760859,825.4988061,1533.766912,224.1153038,180.9622202,606.7116913,,,,,,,,,,,,,,,,,,,,,,,,,,,,,,,,,,,,,,,,,,,,,,,,,,,,,,,,,,,,,,,,,,,111.3654814,18057.82464
Factors - Labor - High (finished secondary and/or tertiary schooling),flab-s,39.39735756,185.6969456,161.5646814,73.11925606,116.1256471,50.37330093,156.9119472,107.4324948,4.302033753,79.1388236,303.4392645,7.381966128,154.4965849,88.73567508,29.63768699,24.91839648,77.50625841,90.31368634,695.335848,410.6267989,88.10103782,576.1634965,190.9556847,1824.535695,217.0826271,1134.470445,1671.197465,290.1635345,1347.162156,169.3708976,3860.420571,2306.191046,2159.866254,464.3096151,1746.497551,4683.50691,4693.819389,7287.477661,11186.92416,6862.444323,2373.349206,1244.9909,,,,,,,,,,,,,,,,,,,,,,,,,,,,,,,,,,,,,,,,,,,,,,,,,,,,,,,,,,,,,,,,,,,367.5814229,59603.0367
Factors - Agricultural land,flnd,398.2206545,1773.797632,1425.985919,671.7472965,1038.729102,571.5145902,1624.100602,761.9601961,55.04059621,569.4272961,2100.24168,122.6433009,1536.856613,,,,,,,,,,,,,,,,,,,,,,,,,,,,,,,,,,,,,,,,,,,,,,,,,,,,,,,,,,,,,,,,,,,,,,,,,,,,,,,,,,,,,,,,,,,,,,,,,12650.26548
Factors - Capital,fcap,185.7517822,1160.984655,756.3296782,362.1990266,712.5729089,165.6351062,745.0744126,347.5317902,27.26070896,436.0620028,766.4194228,85.57909331,1841.537351,8839.974845,1773.194668,2240.088251,3404.955048,2842.324521,3564.308561,1867.679433,314.0662685,3097.561244,973.1050658,6473.201835,1505.057176,4353.868849,5452.587523,1607.709133,3504.532204,604.1545286,7186.408306,22272.94299,8044.496805,1567.866608,2766.128811,9480.698705,10756.44619,15870.61691,1828.514615,3891.76928,1784.833287,1878.416639,,,,,,,,,,,,,,,,,,,,,,,,,,,,,,,,,,,,,,,,,,,,,,,,,,,,,,,,,,,,,,,,,,,1690.669001,149031.1152
Enterprises,ent,,,,,,,,,,,,,,,,,,,,,,,,,,,,,,,,,,,,,,,,,,,,,,,,,,,,,,,,,,,,,,,,,,,,,,,,,,,,,,,,,,,,,,,,,,122868.6487,,,,,,,,,,,,17643.3923,,,,,,,263.9563704,140775.9973
Households - Rural (quintile 1),hhd-r1,,,,,,,,,,,,,,,,,,,,,,,,,,,,,,,,,,,,,,,,,,,,,,,,,,,,,,,,,,,,,,,,,,,,,,,,,,,,,,,,,,,,,,1435.718312,2084.057296,2002.40998,1841.80834,1582.409978,4302.852572,,,,,,,,,,,357.1472477,,,,,,,319.677124,13926.08085
Households - Rural (quintile 2),hhd-r2,,,,,,,,,,,,,,,,,,,,,,,,,,,,,,,,,,,,,,,,,,,,,,,,,,,,,,,,,,,,,,,,,,,,,,,,,,,,,,,,,,,,,,1500.368644,2486.044795,3288.435822,2395.403202,2427.535933,6328.764388,,,,,,,,,,,543.2839091,,,,,,,468.908834,19438.74553
Households - Rural (quintile 3),hhd-r3,,,,,,,,,,,,,,,,,,,,,,,,,,,,,,,,,,,,,,,,,,,,,,,,,,,,,,,,,,,,,,,,,,,,,,,,,,,,,,,,,,,,,,1292.09012,2634.237359,4101.352459,2511.155812,3896.083392,8072.513647,,,,,,,,,,,672.7043715,,,,,,,501.0423859,23681.17955
Households - Rural (quintile 4),hhd-r4,,,,,,,,,,,,,,,,,,,,,,,,,,,,,,,,,,,,,,,,,,,,,,,,,,,,,,,,,,,,,,,,,,,,,,,,,,,,,,,,,,,,,,1779.617851,2307.363598,4711.244921,2896.250553,8043.484788,9574.234912,,,,,,,,,,,813.7664534,,,,,,,468.7890215,30594.7521
Households - Rural (quintile 5),hhd-r5,,,,,,,,,,,,,,,,,,,,,,,,,,,,,,,,,,,,,,,,,,,,,,,,,,,,,,,,,,,,,,,,,,,,,,,,,,,,,,,,,,,,,,1834.489144,1626.828654,6554.851089,2840.158196,3566.515063,10975.51269,,,,,,,,,,,1309.842751,,,,,,,526.6740961,29234.87169
Households - Urban (quintile 1),hhd-u1,,,,,,,,,,,,,,,,,,,,,,,,,,,,,,,,,,,,,,,,,,,,,,,,,,,,,,,,,,,,,,,,,,,,,,,,,,,,,,,,,,,,,,199.3332338,407.9849444,498.9206193,12.58882941,15.32658926,590.5899502,,,,,,,,,,,99.13841656,,,,,,,30.98336226,1854.865945
Households - Urban (quintile 2),hhd-u2,,,,,,,,,,,,,,,,,,,,,,,,,,,,,,,,,,,,,,,,,,,,,,,,,,,,,,,,,,,,,,,,,,,,,,,,,,,,,,,,,,,,,,306.030257,744.4210744,1307.272517,17.59037863,49.40093769,1410.560267,,,,,,,,,,,245.1910429,,,,,,,153.4984859,4233.964961
Households - Urban (quintile 3),hhd-u3,,,,,,,,,,,,,,,,,,,,,,,,,,,,,,,,,,,,,,,,,,,,,,,,,,,,,,,,,,,,,,,,,,,,,,,,,,,,,,,,,,,,,,442.8869213,1293.11309,2609.407516,29.0934102,94.27496594,3103.911161,,,,,,,,,,,540.8461986,,,,,,,401.0701237,8514.603387
Households - Urban (quintile 4),hhd-u4,,,,,,,,,,,,,,,,,,,,,,,,,,,,,,,,,,,,,,,,,,,,,,,,,,,,,,,,,,,,,,,,,,,,,,,,,,,,,,,,,,,,,,549.2033109,1940.415187,6035.972611,47.36955909,313.0831036,5836.369034,,,,,,,,,,,1524.868159,,,,,,,1222.96801,17470.24898
Households - Urban (quintile 5),hhd-u5,,,,,,,,,,,,,,,,,,,,,,,,,,,,,,,,,,,,,,,,,,,,,,,,,,,,,,,,,,,,,,,,,,,,,,,,,,,,,,,,,,,,,,509.3084758,2476.552841,28305.6716,58.84719866,458.08095,18094.06486,,,,,,,,,,,8882.287966,,,,,,,4333.455645,63118.26954
Government,gov,,,,,,,,,,,,,,,,,,,,,,,,,,,,,,,,,,,,,,,,,,,,,,,,,,,,,,,,,,,,,,,,,,,,,,,,,,,,,,,,,,,,,,,,,,,12993.1409,,,,,,,,,,,,-428.4247695,16402.59234,2778.852213,19964.07916,,,16.88663204,51727.12648
Taxes - Activity (producers),atax,-17.97986888,-87.85433373,-64.05393401,-31.18734071,-55.95594188,-22.35304902,-67.70142904,-33.0463322,-2.415503634,-35.47374997,-87.00567501,-6.466300024,-89.53299558,7.214861114,1.544706203,2.015225344,-94.79103345,-1.409739867,20.67740237,3.245763697,0.541421943,5.317642348,1.599591686,11.05179903,2.541765967,8.095994482,9.37205857,2.886137703,-34.92226491,-20.28082228,60.24621766,89.48569991,-291.3872006,23.97207588,-187.2710331,2.179128445,186.7453582,290.1834518,,43.28038171,17.15924449,13.30784978,,,,,,,,,,,,,,,,,,,,,,,,,,,,,,,,,,,,,,,,,,,,,,,,,,,,,,,,,,,,,,,,,,,,-428.4247695
Taxes - Direct (personal or corporate),dtax,,,,,,,,,,,,,,,,,,,,,,,,,,,,,,,,,,,,,,,,,,,,,,,,,,,,,,,,,,,,,,,,,,,,,,,,,,,,,,,,,,,,,,,,,,,9114.132213,124.1791666,258.8765747,362.4806967,547.1070964,882.3274463,43.93996487,115.7450075,226.5649005,587.5430414,4139.696232,,,,,,,,,16402.59234
Taxes - Imports (products),mtax,,,,,,,,,,,,,,,,,,,,,,,,,,,,,,,,,,,,,,,,,,,2.464369989,0.335753772,1.623276827,,15.50709608,0.50316859,2.042617386,0.052737603,,2.192462814,65.39727651,3.444573963,14.12692025,,0.016812265,9.001252182,0.255188177,0.150374201,294.9293218,541.4934081,41.58556475,92.28552586,37.49865003,538.6256277,18.76987324,145.6417371,671.9029139,279.0057099,,,,,,,,,,,,,,,,,,,,,,,,,,,,,,,,,,,,,,,,2778.852213
"Taxes - Sales, excise and/or value-added (products)",stax,,,,,,,,,,,,,,,,,,,,,,,,,,,,,,,,,,,,,,,,,,,-11.17040034,-53.27835151,-38.86357368,-20.10843279,,,,29.56509728,2.017589842,56.02206978,1.332958981,0.030415878,36.36118078,-0.113178203,-0.312763202,-0.176516624,184.5837381,84.02323035,365.5984309,447.9470553,76.18571561,387.8219523,311.2753447,1659.203529,465.8813504,2039.65054,3274.413436,964.2314159,-540.0800221,-9.077655205,2696.057193,1343.568952,737.2854641,255.6701707,576.3539857,880.2415565,187.5161309,2337.230825,,727.1534908,308.1243063,201.9129309,,,,,,,,,,,,,,,,,,,,,,,,,,19964.07916
Savings-investment,s-i,,,,,,,,,,,,,,,,,,,,,,,,,,,,,,,,,,,,,,,,,,,,,,,,,,,,,,,,,,,,,,,,,,,,,,,,,,,,,,,,,,,,,,,,,,,49631.65212,2457.879638,3480.922605,4608.834271,7585.915673,6717.526301,452.9201328,995.9716817,2071.709439,3996.647143,15346.13833,-9854.970979,,,,,,,5112.631387,92603.77774
Change in stocks,dstk,,,,,,,,,,,,,,,,,,,,,,,,,,,,,,,,,,,,,,,,,,,,,,,,,,,,,,,,,,,,,,,,,,,,,,,,,,,,,,,,,,,,,,,,,,,,,,,,,,,,,,,,,,,2769.17953,,,2769.17953
Rest of world,row,,,,,,,,,,,,,,,,,,,,,,,,,,,,,,,,,,,,,,,,,,,14.71932141,1.181503124,9.597949511,,92.46679565,5.704930513,23.18037304,0.987112709,,27.9564974,421.2779759,8.559292566,76.99679147,,0.139170072,108.7367701,3.703221059,1.244639788,11607.33985,1896.761879,118.7385405,1007.395346,1227.525595,12528.82631,457.8466299,2447.694037,18996.83873,5783.592106,,,346.0767947,132.0218126,1408.559935,,241.8648858,497.2242743,,7861.692243,144.7542347,462.7807612,3.899694486,2564.593339,,31.08062615,56.8057984,187.4975616,,5716.270893,747.6986163,,,,,,,,,,,113.4021007,,,,,,,,77385.23494
Total,total,882.562891,4438.129545,3272.812071,1561.282429,2686.371197,1085.970097,3619.163022,1708.943204,124.2520996,1563.273584,4370.37478,313.040715,4467.560715,12124.72608,2473.973635,3152.169177,4129.511385,3751.639104,8105.421528,18842.45941,1274.406506,14611.2975,4219.735138,42975.68118,6178.151984,32540.69817,29036.61791,10375.21058,11419.55065,3423.658092,59496.50139,34812.95609,24843.13609,7285.957376,10367.61462,20167.66381,18209.69052,36127.10211,19246.38396,13685.8835,6807.839919,5642.588889,384.8811572,2862.623815,1714.624688,1776.604557,3262.055333,1369.968705,4542.570668,2273.979465,161.6151747,1884.698953,5976.58538,411.4473551,5630.017864,4412.617048,2937.876599,3272.175735,4722.839439,3191.906557,22959.78579,24786.88352,1721.051524,18943.52922,6963.575558,68075.67345,8309.453734,41904.08865,61335.74615,19958.72876,10873.16919,3414.580437,62538.63538,36288.54686,26988.98149,7541.627547,11185.83349,21545.12964,18397.20665,46326.02518,19391.13819,14875.81775,7119.863919,8409.09516,49215.26191,9880.126896,18057.82464,59603.0367,12650.26548,149031.1152,140775.9973,13926.08085,19438.74553,23681.17955,30594.7521,29234.87169,1854.865945,4233.964961,8514.603387,17470.24898,63118.26954,51727.12648,-428.4247695,16402.59234,2778.852213,19964.07916,92603.77774,2769.17953,77385.23494,2030548.847
,,,,,,,,,,,,,,,,,,,,,,,,,,,,,,,,,,,,,,,,,,,,,,,,,,,,,,,,,,,,,,,,,,,,,,,,,,,,,,,,,,,,,,,,,,,,,,,,,,,,,,,,,,,,,,,
,,,,,,,,,,,,,,,,,,,,,,,,,,,,,,,,,,,,,,,,,,,,,,,,,,,,,,,,,,,,,,,,,,,,,,,,,,,,,,,,,,,,,,,,,,,,,,,,,,,,,,,,,,,,,,,
,,,,,,,,,,,,,,,,,,,,,,,,,,,,,,,,,,,,,,,,,,,,,,,,,,,,,,,,,,,,,,,,,,,,,,,,,,,,,,,,,,,,,,,,,,,,,,,,,,,,,,,,,,,,,,,
,,,,,,,,,,,,,,,,,,,,,,,,,,,,,,,,,,,,,,,,,,,,,,,,,,,,,,,,,,,,,,,,,,,,,,,,,,,,,,,,,,,,,,,,,,,,,,,,,,,,,,,,,,,,,,,
,,,,,,,,,,,,,,,,,,,,,,,,,,,,,,,,,,,,,,,,,,,,,,,,,,,,,,,,,,,,,,,,,,,,,,,,,,,,,,,,,,,,,,,,,,,,,,,,,,,,,,,,,,,,,,,
,,,,,,,,,,,,,,,,,,,,,,,,,,,,,,,,,,,,,,,,,,,,,,,,,,,,,,,,,,,,,,,,,,,,,,,,,,,,,,,,,,,,,,,,,,,,,,,,,,,,,,,,,,,,,,,
,,,,,,,,,,,,,,,,,,,,,,,,,,,,,,,,,,,,,,,,,,,,,,,,,,,,,,,,,,,,,,,,,,,,,,,,,,,,,,,,,,,,,,,,,,,,,,,,,,,,,,,,,,,,,,,
,,,,,,,,,,,,,,,,,,,,,,,,,,,,,,,,,,,,,,,,,,,,,,,,,,,,,,,,,,,,,,,,,,,,,,,,,,,,,,,,,,,,,,,,,,,,,,,,,,,,,,,,,,,,,,,
,,,,,,,,,,,,,,,,,,,,,,,,,,,,,,,,,,,,,,,,,,,,,,,,,,,,,,,,,,,,,,,,,,,,,,,,,,,,,,,,,,,,,,,,,,,,,,,,,,,,,,,,,,,,,,,
,,,,,,,,,,,,,,,,,,,,,,,,,,,,,,,,,,,,,,,,,,,,,,,,,,,,,,,,,,,,,,,,,,,,,,,,,,,,,,,,,,,,,,,,,,,,,,,,,,,,,,,,,,,,,,,
,,,,,,,,,,,,,,,,,,,,,,,,,,,,,,,,,,,,,,,,,,,,,,,,,,,,,,,,,,,,,,,,,,,,,,,,,,,,,,,,,,,,,,,,,,,,,,,,,,,,,,,,,,,,,,,
,,,,,,,,,,,,,,,,,,,,,,,,,,,,,,,,,,,,,,,,,,,,,,,,,,,,,,,,,,,,,,,,,,,,,,,,,,,,,,,,,,,,,,,,,,,,,,,,,,,,,,,,,,,,,,,
,,,,,,,,,,,,,,,,,,,,,,,,,,,,,,,,,,,,,,,,,,,,,,,,,,,,,,,,,,,,,,,,,,,,,,,,,,,,,,,,,,,,,,,,,,,,,,,,,,,,,,,,,,,,,,,
,,,,,,,,,,,,,,,,,,,,,,,,,,,,,,,,,,,,,,,,,,,,,,,,,,,,,,,,,,,,,,,,,,,,,,,,,,,,,,,,,,,,,,,,,,,,,,,,,,,,,,,,,,,,,,,
,,,,,,,,,,,,,,,,,,,,,,,,,,,,,,,,,,,,,,,,,,,,,,,,,,,,,,,,,,,,,,,,,,,,,,,,,,,,,,,,,,,,,,,,,,,,,,,,,,,,,,,,,,,,,,,
,,,,,,,,,,,,,,,,,,,,,,,,,,,,,,,,,,,,,,,,,,,,,,,,,,,,,,,,,,,,,,,,,,,,,,,,,,,,,,,,,,,,,,,,,,,,,,,,,,,,,,,,,,,,,,,
,,,,,,,,,,,,,,,,,,,,,,,,,,,,,,,,,,,,,,,,,,,,,,,,,,,,,,,,,,,,,,,,,,,,,,,,,,,,,,,,,,,,,,,,,,,,,,,,,,,,,,,,,,,,,,,
,,,,,,,,,,,,,,,,,,,,,,,,,,,,,,,,,,,,,,,,,,,,,,,,,,,,,,,,,,,,,,,,,,,,,,,,,,,,,,,,,,,,,,,,,,,,,,,,,,,,,,,,,,,,,,,
,,,,,,,,,,,,,,,,,,,,,,,,,,,,,,,,,,,,,,,,,,,,,,,,,,,,,,,,,,,,,,,,,,,,,,,,,,,,,,,,,,,,,,,,,,,,,,,,,,,,,,,,,,,,,,,
,,,,,,,,,,,,,,,,,,,,,,,,,,,,,,,,,,,,,,,,,,,,,,,,,,,,,,,,,,,,,,,,,,,,,,,,,,,,,,,,,,,,,,,,,,,,,,,,,,,,,,,,,,,,,,,
,,,,,,,,,,,,,,,,,,,,,,,,,,,,,,,,,,,,,,,,,,,,,,,,,,,,,,,,,,,,,,,,,,,,,,,,,,,,,,,,,,,,,,,,,,,,,,,,,,,,,,,,,,,,,,,
,,,,,,,,,,,,,,,,,,,,,,,,,,,,,,,,,,,,,,,,,,,,,,,,,,,,,,,,,,,,,,,,,,,,,,,,,,,,,,,,,,,,,,,,,,,,,,,,,,,,,,,,,,,,,,,
,,,,,,,,,,,,,,,,,,,,,,,,,,,,,,,,,,,,,,,,,,,,,,,,,,,,,,,,,,,,,,,,,,,,,,,,,,,,,,,,,,,,,,,,,,,,,,,,,,,,,,,,,,,,,,,
,,,,,,,,,,,,,,,,,,,,,,,,,,,,,,,,,,,,,,,,,,,,,,,,,,,,,,,,,,,,,,,,,,,,,,,,,,,,,,,,,,,,,,,,,,,,,,,,,,,,,,,,,,,,,,,
,,,,,,,,,,,,,,,,,,,,,,,,,,,,,,,,,,,,,,,,,,,,,,,,,,,,,,,,,,,,,,,,,,,,,,,,,,,,,,,,,,,,,,,,,,,,,,,,,,,,,,,,,,,,,,,
,,,,,,,,,,,,,,,,,,,,,,,,,,,,,,,,,,,,,,,,,,,,,,,,,,,,,,,,,,,,,,,,,,,,,,,,,,,,,,,,,,,,,,,,,,,,,,,,,,,,,,,,,,,,,,,
,,,,,,,,,,,,,,,,,,,,,,,,,,,,,,,,,,,,,,,,,,,,,,,,,,,,,,,,,,,,,,,,,,,,,,,,,,,,,,,,,,,,,,,,,,,,,,,,,,,,,,,,,,,,,,,
,,,,,,,,,,,,,,,,,,,,,,,,,,,,,,,,,,,,,,,,,,,,,,,,,,,,,,,,,,,,,,,,,,,,,,,,,,,,,,,,,,,,,,,,,,,,,,,,,,,,,,,,,,,,,,,
,,,,,,,,,,,,,,,,,,,,,,,,,,,,,,,,,,,,,,,,,,,,,,,,,,,,,,,,,,,,,,,,,,,,,,,,,,,,,,,,,,,,,,,,,,,,,,,,,,,,,,,,,,,,,,,
,,,,,,,,,,,,,,,,,,,,,,,,,,,,,,,,,,,,,,,,,,,,,,,,,,,,,,,,,,,,,,,,,,,,,,,,,,,,,,,,,,,,,,,,,,,,,,,,,,,,,,,,,,,,,,,
,,,,,,,,,,,,,,,,,,,,,,,,,,,,,,,,,,,,,,,,,,,,,,,,,,,,,,,,,,,,,,,,,,,,,,,,,,,,,,,,,,,,,,,,,,,,,,,,,,,,,,,,,,,,,,,
,,,,,,,,,,,,,,,,,,,,,,,,,,,,,,,,,,,,,,,,,,,,,,,,,,,,,,,,,,,,,,,,,,,,,,,,,,,,,,,,,,,,,,,,,,,,,,,,,,,,,,,,,,,,,,,
,,,,,,,,,,,,,,,,,,,,,,,,,,,,,,,,,,,,,,,,,,,,,,,,,,,,,,,,,,,,,,,,,,,,,,,,,,,,,,,,,,,,,,,,,,,,,,,,,,,,,,,,,,,,,,,
,,,,,,,,,,,,,,,,,,,,,,,,,,,,,,,,,,,,,,,,,,,,,,,,,,,,,,,,,,,,,,,,,,,,,,,,,,,,,,,,,,,,,,,,,,,,,,,,,,,,,,,,,,,,,,,
,,,,,,,,,,,,,,,,,,,,,,,,,,,,,,,,,,,,,,,,,,,,,,,,,,,,,,,,,,,,,,,,,,,,,,,,,,,,,,,,,,,,,,,,,,,,,,,,,,,,,,,,,,,,,,,
,,,,,,,,,,,,,,,,,,,,,,,,,,,,,,,,,,,,,,,,,,,,,,,,,,,,,,,,,,,,,,,,,,,,,,,,,,,,,,,,,,,,,,,,,,,,,,,,,,,,,,,,,,,,,,,
,,,,,,,,,,,,,,,,,,,,,,,,,,,,,,,,,,,,,,,,,,,,,,,,,,,,,,,,,,,,,,,,,,,,,,,,,,,,,,,,,,,,,,,,,,,,,,,,,,,,,,,,,,,,,,,
,,,,,,,,,,,,,,,,,,,,,,,,,,,,,,,,,,,,,,,,,,,,,,,,,,,,,,,,,,,,,,,,,,,,,,,,,,,,,,,,,,,,,,,,,,,,,,,,,,,,,,,,,,,,,,,
,,,,,,,,,,,,,,,,,,,,,,,,,,,,,,,,,,,,,,,,,,,,,,,,,,,,,,,,,,,,,,,,,,,,,,,,,,,,,,,,,,,,,,,,,,,,,,,,,,,,,,,,,,,,,,,
,,,,,,,,,,,,,,,,,,,,,,,,,,,,,,,,,,,,,,,,,,,,,,,,,,,,,,,,,,,,,,,,,,,,,,,,,,,,,,,,,,,,,,,,,,,,,,,,,,,,,,,,,,,,,,,
,,,,,,,,,,,,,,,,,,,,,,,,,,,,,,,,,,,,,,,,,,,,,,,,,,,,,,,,,,,,,,,,,,,,,,,,,,,,,,,,,,,,,,,,,,,,,,,,,,,,,,,,,,,,,,,
,,,,,,,,,,,,,,,,,,,,,,,,,,,,,,,,,,,,,,,,,,,,,,,,,,,,,,,,,,,,,,,,,,,,,,,,,,,,,,,,,,,,,,,,,,,,,,,,,,,,,,,,,,,,,,,
,,,,,,,,,,,,,,,,,,,,,,,,,,,,,,,,,,,,,,,,,,,,,,,,,,,,,,,,,,,,,,,,,,,,,,,,,,,,,,,,,,,,,,,,,,,,,,,,,,,,,,,,,,,,,,,
,,,,,,,,,,,,,,,,,,,,,,,,,,,,,,,,,,,,,,,,,,,,,,,,,,,,,,,,,,,,,,,,,,,,,,,,,,,,,,,,,,,,,,,,,,,,,,,,,,,,,,,,,,,,,,,
,,,,,,,,,,,,,,,,,,,,,,,,,,,,,,,,,,,,,,,,,,,,,,,,,,,,,,,,,,,,,,,,,,,,,,,,,,,,,,,,,,,,,,,,,,,,,,,,,,,,,,,,,,,,,,,
,,,,,,,,,,,,,,,,,,,,,,,,,,,,,,,,,,,,,,,,,,,,,,,,,,,,,,,,,,,,,,,,,,,,,,,,,,,,,,,,,,,,,,,,,,,,,,,,,,,,,,,,,,,,,,,
,,,,,,,,,,,,,,,,,,,,,,,,,,,,,,,,,,,,,,,,,,,,,,,,,,,,,,,,,,,,,,,,,,,,,,,,,,,,,,,,,,,,,,,,,,,,,,,,,,,,,,,,,,,,,,,
,,,,,,,,,,,,,,,,,,,,,,,,,,,,,,,,,,,,,,,,,,,,,,,,,,,,,,,,,,,,,,,,,,,,,,,,,,,,,,,,,,,,,,,,,,,,,,,,,,,,,,,,,,,,,,,
,,,,,,,,,,,,,,,,,,,,,,,,,,,,,,,,,,,,,,,,,,,,,,,,,,,,,,,,,,,,,,,,,,,,,,,,,,,,,,,,,,,,,,,,,,,,,,,,,,,,,,,,,,,,,,,
,,,,,,,,,,,,,,,,,,,,,,,,,,,,,,,,,,,,,,,,,,,,,,,,,,,,,,,,,,,,,,,,,,,,,,,,,,,,,,,,,,,,,,,,,,,,,,,,,,,,,,,,,,,,,,,
,,,,,,,,,,,,,,,,,,,,,,,,,,,,,,,,,,,,,,,,,,,,,,,,,,,,,,,,,,,,,,,,,,,,,,,,,,,,,,,,,,,,,,,,,,,,,,,,,,,,,,,,,,,,,,,
,,,,,,,,,,,,,,,,,,,,,,,,,,,,,,,,,,,,,,,,,,,,,,,,,,,,,,,,,,,,,,,,,,,,,,,,,,,,,,,,,,,,,,,,,,,,,,,,,,,,,,,,,,,,,,,
,,,,,,,,,,,,,,,,,,,,,,,,,,,,,,,,,,,,,,,,,,,,,,,,,,,,,,,,,,,,,,,,,,,,,,,,,,,,,,,,,,,,,,,,,,,,,,,,,,,,,,,,,,,,,,,
,,,,,,,,,,,,,,,,,,,,,,,,,,,,,,,,,,,,,,,,,,,,,,,,,,,,,,,,,,,,,,,,,,,,,,,,,,,,,,,,,,,,,,,,,,,,,,,,,,,,,,,,,,,,,,,
,,,,,,,,,,,,,,,,,,,,,,,,,,,,,,,,,,,,,,,,,,,,,,,,,,,,,,,,,,,,,,,,,,,,,,,,,,,,,,,,,,,,,,,,,,,,,,,,,,,,,,,,,,,,,,,
,,,,,,,,,,,,,,,,,,,,,,,,,,,,,,,,,,,,,,,,,,,,,,,,,,,,,,,,,,,,,,,,,,,,,,,,,,,,,,,,,,,,,,,,,,,,,,,,,,,,,,,,,,,,,,,
,,,,,,,,,,,,,,,,,,,,,,,,,,,,,,,,,,,,,,,,,,,,,,,,,,,,,,,,,,,,,,,,,,,,,,,,,,,,,,,,,,,,,,,,,,,,,,,,,,,,,,,,,,,,,,,
,,,,,,,,,,,,,,,,,,,,,,,,,,,,,,,,,,,,,,,,,,,,,,,,,,,,,,,,,,,,,,,,,,,,,,,,,,,,,,,,,,,,,,,,,,,,,,,,,,,,,,,,,,,,,,,
,,,,,,,,,,,,,,,,,,,,,,,,,,,,,,,,,,,,,,,,,,,,,,,,,,,,,,,,,,,,,,,,,,,,,,,,,,,,,,,,,,,,,,,,,,,,,,,,,,,,,,,,,,,,,,,
,,,,,,,,,,,,,,,,,,,,,,,,,,,,,,,,,,,,,,,,,,,,,,,,,,,,,,,,,,,,,,,,,,,,,,,,,,,,,,,,,,,,,,,,,,,,,,,,,,,,,,,,,,,,,,,
,,,,,,,,,,,,,,,,,,,,,,,,,,,,,,,,,,,,,,,,,,,,,,,,,,,,,,,,,,,,,,,,,,,,,,,,,,,,,,,,,,,,,,,,,,,,,,,,,,,,,,,,,,,,,,,
,,,,,,,,,,,,,,,,,,,,,,,,,,,,,,,,,,,,,,,,,,,,,,,,,,,,,,,,,,,,,,,,,,,,,,,,,,,,,,,,,,,,,,,,,,,,,,,,,,,,,,,,,,,,,,,
,,,,,,,,,,,,,,,,,,,,,,,,,,,,,,,,,,,,,,,,,,,,,,,,,,,,,,,,,,,,,,,,,,,,,,,,,,,,,,,,,,,,,,,,,,,,,,,,,,,,,,,,,,,,,,,
,,,,,,,,,,,,,,,,,,,,,,,,,,,,,,,,,,,,,,,,,,,,,,,,,,,,,,,,,,,,,,,,,,,,,,,,,,,,,,,,,,,,,,,,,,,,,,,,,,,,,,,,,,,,,,,
,,,,,,,,,,,,,,,,,,,,,,,,,,,,,,,,,,,,,,,,,,,,,,,,,,,,,,,,,,,,,,,,,,,,,,,,,,,,,,,,,,,,,,,,,,,,,,,,,,,,,,,,,,,,,,,
,,,,,,,,,,,,,,,,,,,,,,,,,,,,,,,,,,,,,,,,,,,,,,,,,,,,,,,,,,,,,,,,,,,,,,,,,,,,,,,,,,,,,,,,,,,,,,,,,,,,,,,,,,,,,,,
,,,,,,,,,,,,,,,,,,,,,,,,,,,,,,,,,,,,,,,,,,,,,,,,,,,,,,,,,,,,,,,,,,,,,,,,,,,,,,,,,,,,,,,,,,,,,,,,,,,,,,,,,,,,,,,
,,,,,,,,,,,,,,,,,,,,,,,,,,,,,,,,,,,,,,,,,,,,,,,,,,,,,,,,,,,,,,,,,,,,,,,,,,,,,,,,,,,,,,,,,,,,,,,,,,,,,,,,,,,,,,,
,,,,,,,,,,,,,,,,,,,,,,,,,,,,,,,,,,,,,,,,,,,,,,,,,,,,,,,,,,,,,,,,,,,,,,,,,,,,,,,,,,,,,,,,,,,,,,,,,,,,,,,,,,,,,,,
,,,,,,,,,,,,,,,,,,,,,,,,,,,,,,,,,,,,,,,,,,,,,,,,,,,,,,,,,,,,,,,,,,,,,,,,,,,,,,,,,,,,,,,,,,,,,,,,,,,,,,,,,,,,,,,
,,,,,,,,,,,,,,,,,,,,,,,,,,,,,,,,,,,,,,,,,,,,,,,,,,,,,,,,,,,,,,,,,,,,,,,,,,,,,,,,,,,,,,,,,,,,,,,,,,,,,,,,,,,,,,,
,,,,,,,,,,,,,,,,,,,,,,,,,,,,,,,,,,,,,,,,,,,,,,,,,,,,,,,,,,,,,,,,,,,,,,,,,,,,,,,,,,,,,,,,,,,,,,,,,,,,,,,,,,,,,,,
,,,,,,,,,,,,,,,,,,,,,,,,,,,,,,,,,,,,,,,,,,,,,,,,,,,,,,,,,,,,,,,,,,,,,,,,,,,,,,,,,,,,,,,,,,,,,,,,,,,,,,,,,,,,,,,
,,,,,,,,,,,,,,,,,,,,,,,,,,,,,,,,,,,,,,,,,,,,,,,,,,,,,,,,,,,,,,,,,,,,,,,,,,,,,,,,,,,,,,,,,,,,,,,,,,,,,,,,,,,,,,,
,,,,,,,,,,,,,,,,,,,,,,,,,,,,,,,,,,,,,,,,,,,,,,,,,,,,,,,,,,,,,,,,,,,,,,,,,,,,,,,,,,,,,,,,,,,,,,,,,,,,,,,,,,,,,,,
,,,,,,,,,,,,,,,,,,,,,,,,,,,,,,,,,,,,,,,,,,,,,,,,,,,,,,,,,,,,,,,,,,,,,,,,,,,,,,,,,,,,,,,,,,,,,,,,,,,,,,,,,,,,,,,
,,,,,,,,,,,,,,,,,,,,,,,,,,,,,,,,,,,,,,,,,,,,,,,,,,,,,,,,,,,,,,,,,,,,,,,,,,,,,,,,,,,,,,,,,,,,,,,,,,,,,,,,,,,,,,,
,,,,,,,,,,,,,,,,,,,,,,,,,,,,,,,,,,,,,,,,,,,,,,,,,,,,,,,,,,,,,,,,,,,,,,,,,,,,,,,,,,,,,,,,,,,,,,,,,,,,,,,,,,,,,,,
,,,,,,,,,,,,,,,,,,,,,,,,,,,,,,,,,,,,,,,,,,,,,,,,,,,,,,,,,,,,,,,,,,,,,,,,,,,,,,,,,,,,,,,,,,,,,,,,,,,,,,,,,,,,,,,
,,,,,,,,,,,,,,,,,,,,,,,,,,,,,,,,,,,,,,,,,,,,,,,,,,,,,,,,,,,,,,,,,,,,,,,,,,,,,,,,,,,,,,,,,,,,,,,,,,,,,,,,,,,,,,,
,,,,,,,,,,,,,,,,,,,,,,,,,,,,,,,,,,,,,,,,,,,,,,,,,,,,,,,,,,,,,,,,,,,,,,,,,,,,,,,,,,,,,,,,,,,,,,,,,,,,,,,,,,,,,,,
,,,,,,,,,,,,,,,,,,,,,,,,,,,,,,,,,,,,,,,,,,,,,,,,,,,,,,,,,,,,,,,,,,,,,,,,,,,,,,,,,,,,,,,,,,,,,,,,,,,,,,,,,,,,,,,
,,,,,,,,,,,,,,,,,,,,,,,,,,,,,,,,,,,,,,,,,,,,,,,,,,,,,,,,,,,,,,,,,,,,,,,,,,,,,,,,,,,,,,,,,,,,,,,,,,,,,,,,,,,,,,,
,,,,,,,,,,,,,,,,,,,,,,,,,,,,,,,,,,,,,,,,,,,,,,,,,,,,,,,,,,,,,,,,,,,,,,,,,,,,,,,,,,,,,,,,,,,,,,,,,,,,,,,,,,,,,,,
,,,,,,,,,,,,,,,,,,,,,,,,,,,,,,,,,,,,,,,,,,,,,,,,,,,,,,,,,,,,,,,,,,,,,,,,,,,,,,,,,,,,,,,,,,,,,,,,,,,,,,,,,,,,,,,
,,,,,,,,,,,,,,,,,,,,,,,,,,,,,,,,,,,,,,,,,,,,,,,,,,,,,,,,,,,,,,,,,,,,,,,,,,,,,,,,,,,,,,,,,,,,,,,,,,,,,,,,,,,,,,,
,,,,,,,,,,,,,,,,,,,,,,,,,,,,,,,,,,,,,,,,,,,,,,,,,,,,,,,,,,,,,,,,,,,,,,,,,,,,,,,,,,,,,,,,,,,,,,,,,,,,,,,,,,,,,,,
,,,,,,,,,,,,,,,,,,,,,,,,,,,,,,,,,,,,,,,,,,,,,,,,,,,,,,,,,,,,,,,,,,,,,,,,,,,,,,,,,,,,,,,,,,,,,,,,,,,,,,,,,,,,,,,
,,,,,,,,,,,,,,,,,,,,,,,,,,,,,,,,,,,,,,,,,,,,,,,,,,,,,,,,,,,,,,,,,,,,,,,,,,,,,,,,,,,,,,,,,,,,,,,,,,,,,,,,,,,,,,,
,,,,,,,,,,,,,,,,,,,,,,,,,,,,,,,,,,,,,,,,,,,,,,,,,,,,,,,,,,,,,,,,,,,,,,,,,,,,,,,,,,,,,,,,,,,,,,,,,,,,,,,,,,,,,,,
,,,,,,,,,,,,,,,,,,,,,,,,,,,,,,,,,,,,,,,,,,,,,,,,,,,,,,,,,,,,,,,,,,,,,,,,,,,,,,,,,,,,,,,,,,,,,,,,,,,,,,,,,,,,,,,
,,,,,,,,,,,,,,,,,,,,,,,,,,,,,,,,,,,,,,,,,,,,,,,,,,,,,,,,,,,,,,,,,,,,,,,,,,,,,,,,,,,,,,,,,,,,,,,,,,,,,,,,,,,,,,,
,,,,,,,,,,,,,,,,,,,,,,,,,,,,,,,,,,,,,,,,,,,,,,,,,,,,,,,,,,,,,,,,,,,,,,,,,,,,,,,,,,,,,,,,,,,,,,,,,,,,,,,,,,,,,,,
,,,,,,,,,,,,,,,,,,,,,,,,,,,,,,,,,,,,,,,,,,,,,,,,,,,,,,,,,,,,,,,,,,,,,,,,,,,,,,,,,,,,,,,,,,,,,,,,,,,,,,,,,,,,,,,
,,,,,,,,,,,,,,,,,,,,,,,,,,,,,,,,,,,,,,,,,,,,,,,,,,,,,,,,,,,,,,,,,,,,,,,,,,,,,,,,,,,,,,,,,,,,,,,,,,,,,,,,,,,,,,,
,,,,,,,,,,,,,,,,,,,,,,,,,,,,,,,,,,,,,,,,,,,,,,,,,,,,,,,,,,,,,,,,,,,,,,,,,,,,,,,,,,,,,,,,,,,,,,,,,,,,,,,,,,,,,,,
,,,,,,,,,,,,,,,,,,,,,,,,,,,,,,,,,,,,,,,,,,,,,,,,,,,,,,,,,,,,,,,,,,,,,,,,,,,,,,,,,,,,,,,,,,,,,,,,,,,,,,,,,,,,,,,
,,,,,,,,,,,,,,,,,,,,,,,,,,,,,,,,,,,,,,,,,,,,,,,,,,,,,,,,,,,,,,,,,,,,,,,,,,,,,,,,,,,,,,,,,,,,,,,,,,,,,,,,,,,,,,,
,,,,,,,,,,,,,,,,,,,,,,,,,,,,,,,,,,,,,,,,,,,,,,,,,,,,,,,,,,,,,,,,,,,,,,,,,,,,,,,,,,,,,,,,,,,,,,,,,,,,,,,,,,,,,,,
,,,,,,,,,,,,,,,,,,,,,,,,,,,,,,,,,,,,,,,,,,,,,,,,,,,,,,,,,,,,,,,,,,,,,,,,,,,,,,,,,,,,,,,,,,,,,,,,,,,,,,,,,,,,,,,
